year_film,year_ceremony,ceremony,category,film
1927,1928,1,OUTSTANDING PICTURE,Wings
1927,1928,1,UNIQUE AND ARTISTIC PICTURE,Sunrise
1928,1929,2,OUTSTANDING PICTURE,The Broadway Melody
1929,1930,3,OUTSTANDING PRODUCTION,All Quiet on the Western Front
1930,1931,4,OUTSTANDING PRODUCTION,Cimarron
1931,1932,5,OUTSTANDING PRODUCTION,Grand Hotel
1931,1932,5,SHORT SUBJECT (Cartoon),Flowers and Trees
1931,1932,5,SHORT SUBJECT (Comedy),The Music Box
1931,1932,5,SHORT SUBJECT (Novelty),Wrestling Swordfish
1932,1933,6,OUTSTANDING PRODUCTION,Cavalcade
1932,1933,6,SHORT SUBJECT (Cartoon),The Three Little Pigs
1932,1933,6,SHORT SUBJECT (Comedy),So This Is Harris
1932,1933,6,SHORT SUBJECT (Novelty),Krakatoa
1934,1935,7,ASSISTANT DIRECTOR,Viva Villa!
1934,1935,7,MUSIC (Scoring),One Night of Love
1934,1935,7,MUSIC (Song),The Gay Divorcee
1934,1935,7,OUTSTANDING PRODUCTION,It Happened One Night
1934,1935,7,SHORT SUBJECT (Cartoon),The Tortoise and the Hare
1934,1935,7,SHORT SUBJECT (Comedy),La Cucaracha
1934,1935,7,SHORT SUBJECT (Novelty),City of Wax
1935,1936,8,ASSISTANT DIRECTOR,The Lives of a Bengal Lancer
1935,1936,8,DANCE DIRECTION,Broadway Melody of 1936;
1935,1936,8,MUSIC (Scoring),The Informer
1935,1936,8,MUSIC (Song),Gold Diggers of 1935
1935,1936,8,OUTSTANDING PRODUCTION,Mutiny on the Bounty
1935,1936,8,SHORT SUBJECT (Cartoon),Three Orphan Kittens
1935,1936,8,SHORT SUBJECT (Comedy),How to Sleep
1935,1936,8,SHORT SUBJECT (Novelty),Wings over Mt. Everest
1936,1937,9,ASSISTANT DIRECTOR,The Charge of the Light Brigade
1936,1937,9,DANCE DIRECTION,The Great Ziegfeld
1936,1937,9,MUSIC (Scoring),Anthony Adverse
1936,1937,9,MUSIC (Song),Swing Time
1936,1937,9,OUTSTANDING PRODUCTION,The Great Ziegfeld
1936,1937,9,SHORT SUBJECT (Cartoon),The Country Cousin
1936,1937,9,SHORT SUBJECT (Color),Give Me Liberty
1936,1937,9,SHORT SUBJECT (One-reel),Bored of Education
1936,1937,9,SHORT SUBJECT (Two-reel),The Public Pays
1937,1938,10,ASSISTANT DIRECTOR,In Old Chicago
1937,1938,10,DANCE DIRECTION,A Damsel in Distress
1937,1938,10,MUSIC (Scoring),One Hundred Men and a Girl
1937,1938,10,MUSIC (Song),Waikiki Wedding
1937,1938,10,OUTSTANDING PRODUCTION,The Life of Emile Zola
1937,1938,10,SHORT SUBJECT (Cartoon),The Old Mill
1937,1938,10,SHORT SUBJECT (Color),Penny Wisdom
1937,1938,10,SHORT SUBJECT (One-reel),The Private Life of the Gannets
1937,1938,10,SHORT SUBJECT (Two-reel),Torture Money
1938,1939,11,MUSIC (Scoring),Alexander's Ragtime Band
1938,1939,11,MUSIC (Song),The Big Broadcast of 1938
1938,1939,11,OUTSTANDING PRODUCTION,You Can't Take It with You
1938,1939,11,SHORT SUBJECT (Cartoon),Ferdinand the Bull
1938,1939,11,SHORT SUBJECT (One-reel),That Mothers Might Live
1938,1939,11,SHORT SUBJECT (Two-reel),Declaration of Independence
1939,1940,12,MUSIC (Scoring),Stagecoach
1939,1940,12,MUSIC (Song),The Wizard of Oz
1939,1940,12,OUTSTANDING PRODUCTION,Gone with the Wind
1939,1940,12,SHORT SUBJECT (Cartoon),The Ugly Duckling
1939,1940,12,SHORT SUBJECT (One-reel),Busy Little Bears
1939,1940,12,SHORT SUBJECT (Two-reel),Sons of Liberty
1939,1940,12,SPECIAL EFFECTS,The Rains Came
1940,1941,13,MUSIC (Scoring),Tin Pan Alley
1940,1941,13,MUSIC (Song),Pinocchio
1940,1941,13,OUTSTANDING PRODUCTION,Rebecca
1940,1941,13,SHORT SUBJECT (Cartoon),The Milky Way
1940,1941,13,SHORT SUBJECT (One-reel),Quicker 'N a Wink
1940,1941,13,SHORT SUBJECT (Two-reel),"Teddy, the Rough Rider"
1940,1941,13,SPECIAL EFFECTS,The Thief of Bagdad
1941,1942,14,DOCUMENTARY (Short Subject),Churchill's Island
1941,1942,14,MUSIC (Song),Lady Be Good
1941,1942,14,SHORT SUBJECT (Cartoon),Lend a Paw
1941,1942,14,SHORT SUBJECT (One-reel),Of Pups and Puzzles
1941,1942,14,SHORT SUBJECT (Two-reel),Main Street on the March!
1941,1942,14,SPECIAL EFFECTS,I Wanted Wings
1942,1943,15,MUSIC (Song),Holiday Inn
1942,1943,15,SHORT SUBJECT (Cartoon),Der Fuehrer's Face
1942,1943,15,SHORT SUBJECT (One-reel),Speaking of Animals and Their Families
1942,1943,15,SHORT SUBJECT (Two-reel),Beyond the Line of Duty
1942,1943,15,SPECIAL EFFECTS,Reap the Wild Wind
1943,1944,16,DOCUMENTARY (Feature),Desert Victory
1943,1944,16,DOCUMENTARY (Short Subject),December 7th
1943,1944,16,MUSIC (Song),"Hello, Frisco, Hello"
1943,1944,16,SHORT SUBJECT (Cartoon),Yankee Doodle Mouse
1943,1944,16,SHORT SUBJECT (One-reel),Amphibious Fighters
1943,1944,16,SHORT SUBJECT (Two-reel),Heavenly Music
1943,1944,16,SPECIAL EFFECTS,Crash Dive
1944,1945,17,DOCUMENTARY (Feature),The Fighting Lady
1944,1945,17,DOCUMENTARY (Short Subject),With the Marines at Tarawa
1944,1945,17,MUSIC (Song),Going My Way
1944,1945,17,SHORT SUBJECT (Cartoon),Mouse Trouble
1944,1945,17,SHORT SUBJECT (One-reel),Who's Who in Animal Land
1944,1945,17,SHORT SUBJECT (Two-reel),I Won't Play
1944,1945,17,SPECIAL EFFECTS,Thirty Seconds over Tokyo
1945,1946,18,DOCUMENTARY (Feature),The True Glory
1945,1946,18,DOCUMENTARY (Short Subject),Hitler Lives?
1945,1946,18,MUSIC (Song),State Fair
1945,1946,18,SHORT SUBJECT (Cartoon),Quiet Please!
1945,1946,18,SHORT SUBJECT (One-reel),Stairway to Light
1945,1946,18,SHORT SUBJECT (Two-reel),Star in the Night
1945,1946,18,SPECIAL EFFECTS,Wonder Man
1946,1947,19,DOCUMENTARY (Short Subject),Seeds of Destiny
1946,1947,19,MUSIC (Song),The Harvey Girls
1946,1947,19,SHORT SUBJECT (Cartoon),The Cat Concerto
1946,1947,19,SHORT SUBJECT (One-reel),Facing Your Danger
1946,1947,19,SHORT SUBJECT (Two-reel),A Boy and His Dog
1946,1947,19,SPECIAL EFFECTS,Blithe Spirit
1947,1948,20,DOCUMENTARY (Feature),Design for Death
1947,1948,20,DOCUMENTARY (Short Subject),First Steps
1947,1948,20,MUSIC (Song),Song of the South
1947,1948,20,SHORT SUBJECT (Cartoon),Tweetie Pie
1947,1948,20,SHORT SUBJECT (One-reel),Good-bye Miss Turlock
1947,1948,20,SHORT SUBJECT (Two-reel),Climbing the Matterhorn
1947,1948,20,SPECIAL EFFECTS,Green Dolphin Street
1948,1949,21,DOCUMENTARY (Feature),The Secret Land
1948,1949,21,DOCUMENTARY (Short Subject),Toward Independence
1948,1949,21,MUSIC (Song),The Paleface
1948,1949,21,SHORT SUBJECT (Cartoon),The Little Orphan
1948,1949,21,SHORT SUBJECT (One-reel),Symphony of a City
1948,1949,21,SHORT SUBJECT (Two-reel),Seal Island
1948,1949,21,SPECIAL EFFECTS,Portrait of Jennie
1949,1950,22,DOCUMENTARY (Feature),Daybreak in Udi
1949,1950,22,DOCUMENTARY (Short Subject),A Chance to Live
1949,1950,22,DOCUMENTARY (Short Subject),So Much for So Little
1949,1950,22,MUSIC (Song),Neptune's Daughter
1949,1950,22,SHORT SUBJECT (Cartoon),For Scent-Imental Reasons
1949,1950,22,SHORT SUBJECT (One-reel),Aquatic House-Party
1949,1950,22,SHORT SUBJECT (Two-reel),Van Gogh
1949,1950,22,SPECIAL EFFECTS,Mighty Joe Young
1950,1951,23,DOCUMENTARY (Feature),The Titan: Story of Michelangelo
1950,1951,23,DOCUMENTARY (Short Subject),Why Korea?
1950,1951,23,MUSIC (Song),"Captain Carey, U.S.A."
1950,1951,23,SHORT SUBJECT (Cartoon),Gerald McBoing-Boing
1950,1951,23,SHORT SUBJECT (One-reel),Grandad of Races
1950,1951,23,SHORT SUBJECT (Two-reel),In Beaver Valley
1950,1951,23,SPECIAL EFFECTS,Destination Moon
1951,1952,24,DOCUMENTARY (Feature),Kon-Tiki
1951,1952,24,DOCUMENTARY (Short Subject),Benjy
1951,1952,24,MUSIC (Song),Here Comes the Groom
1951,1952,24,SHORT SUBJECT (Cartoon),The Two Mouseketeers
1951,1952,24,SHORT SUBJECT (One-reel),World of Kids
1951,1952,24,SHORT SUBJECT (Two-reel),Nature's Half Acre
1951,1952,24,SPECIAL EFFECTS,When Worlds Collide
1952,1953,25,DOCUMENTARY (Feature),The Sea around Us
1952,1953,25,DOCUMENTARY (Short Subject),Neighbours
1952,1953,25,MUSIC (Song),High Noon
1952,1953,25,SHORT SUBJECT (Cartoon),Johann Mouse
1952,1953,25,SHORT SUBJECT (One-reel),Light in the Window: The Art of Vermeer
1952,1953,25,SHORT SUBJECT (Two-reel),Water Birds
1952,1953,25,SPECIAL EFFECTS,Plymouth Adventure
1953,1954,26,DOCUMENTARY (Feature),The Living Desert
1953,1954,26,DOCUMENTARY (Short Subject),The Alaskan Eskimo
1953,1954,26,MUSIC (Song),Calamity Jane
1953,1954,26,SHORT SUBJECT (Cartoon),"Toot, Whistle, Plunk and Boom"
1953,1954,26,SHORT SUBJECT (One-reel),The Merry Wives of Windsor Overture
1953,1954,26,SHORT SUBJECT (Two-reel),Bear Country
1953,1954,26,SPECIAL EFFECTS,The War of the Worlds
1954,1955,27,DOCUMENTARY (Feature),The Vanishing Prairie
1954,1955,27,DOCUMENTARY (Short Subject),Thursday's Children
1954,1955,27,MUSIC (Song),Three Coins in the Fountain
1954,1955,27,SHORT SUBJECT (Cartoon),When Magoo Flew
1954,1955,27,SHORT SUBJECT (One-reel),This Mechanical Age
1954,1955,27,SHORT SUBJECT (Two-reel),A Time Out of War
1954,1955,27,SPECIAL EFFECTS,"20,000 Leagues under the Sea"
1955,1956,28,DOCUMENTARY (Feature),Helen Keller in Her Story
1955,1956,28,DOCUMENTARY (Short Subject),Men against the Arctic
1955,1956,28,MUSIC (Song),Love Is a Many-Splendored Thing
1955,1956,28,SHORT SUBJECT (Cartoon),Speedy Gonzales
1955,1956,28,SHORT SUBJECT (One-reel),Survival City
1955,1956,28,SHORT SUBJECT (Two-reel),The Face of Lincoln
1955,1956,28,SPECIAL EFFECTS,The Bridges at Toko-Ri
1956,1957,29,DOCUMENTARY (Feature),The Silent World
1956,1957,29,DOCUMENTARY (Short Subject),The True Story of the Civil War
1956,1957,29,FOREIGN LANGUAGE FILM,La Strada
1956,1957,29,MUSIC (Song),The Man Who Knew Too Much
1956,1957,29,SHORT SUBJECT (Cartoon),Mister Magoo's Puddle Jumper
1956,1957,29,SHORT SUBJECT (One-reel),Crashing the Water Barrier
1956,1957,29,SHORT SUBJECT (Two-reel),The Bespoke Overcoat
1956,1957,29,SPECIAL EFFECTS,The Ten Commandments
1957,1958,30,DOCUMENTARY (Feature),Albert Schweitzer
1957,1958,30,FOREIGN LANGUAGE FILM,The Nights of Cabiria
1957,1958,30,MUSIC (Scoring),The Bridge on the River Kwai
1957,1958,30,MUSIC (Song),The Joker Is Wild
1957,1958,30,SHORT SUBJECT (Cartoon),Birds Anonymous
1957,1958,30,SPECIAL EFFECTS,The Enemy Below
1958,1959,31,DOCUMENTARY (Feature),White Wilderness
1958,1959,31,DOCUMENTARY (Short Subject),Ama Girls
1958,1959,31,FOREIGN LANGUAGE FILM,My Uncle
1958,1959,31,MUSIC (Song),Gigi
1958,1959,31,SHORT SUBJECT (Cartoon),Knighty Knight Bugs
1958,1959,31,SPECIAL EFFECTS,tom thumb
1959,1960,32,DOCUMENTARY (Feature),Serengeti Shall Not Die
1959,1960,32,DOCUMENTARY (Short Subject),Glass
1959,1960,32,FOREIGN LANGUAGE FILM,Black Orpheus
1959,1960,32,MUSIC (Song),A Hole in the Head
1959,1960,32,SHORT SUBJECT (Cartoon),Moonbird
1959,1960,32,SPECIAL EFFECTS,Ben-Hur
1960,1961,33,DOCUMENTARY (Feature),The Horse with the Flying Tail
1960,1961,33,DOCUMENTARY (Short Subject),Giuseppina
1960,1961,33,FOREIGN LANGUAGE FILM,The Virgin Spring
1960,1961,33,MUSIC (Song),Never on Sunday
1960,1961,33,SHORT SUBJECT (Cartoon),Munro
1960,1961,33,SPECIAL EFFECTS,The Time Machine
1961,1962,34,DOCUMENTARY (Feature),Le Ciel et la Boue (Sky Above and Mud Beneath)
1961,1962,34,DOCUMENTARY (Short Subject),Project Hope
1961,1962,34,FOREIGN LANGUAGE FILM,Through a Glass Darkly
1961,1962,34,MUSIC (Song),Breakfast at Tiffany's
1961,1962,34,SHORT SUBJECT (Cartoon),Ersatz (The Substitute)
1961,1962,34,SPECIAL EFFECTS,The Guns of Navarone
1962,1963,35,DOCUMENTARY (Feature),Black Fox
1962,1963,35,DOCUMENTARY (Short Subject),Dylan Thomas
1962,1963,35,FOREIGN LANGUAGE FILM,Sundays and Cybele
1962,1963,35,MUSIC (Song),Days of Wine and Roses
1962,1963,35,BEST PICTURE,Lawrence of Arabia
1962,1963,35,SHORT SUBJECT (Cartoon),The Hole
1962,1963,35,SPECIAL EFFECTS,The Longest Day
1963,1964,36,DOCUMENTARY (Feature),Robert Frost: A Lover's Quarrel with the World
1963,1964,36,DOCUMENTARY (Short Subject),Chagall
1963,1964,36,FOREIGN LANGUAGE FILM,Federico Fellini's 8-1/2
1963,1964,36,MUSIC (Song),Papa's Delicate Condition
1963,1964,36,BEST PICTURE,Tom Jones
1963,1964,36,SHORT SUBJECT (Cartoon),The Critic
1963,1964,36,SPECIAL EFFECTS,Cleopatra
1964,1965,37,DOCUMENTARY (Feature),Jacques-Yves Cousteau's World without Sun
1964,1965,37,DOCUMENTARY (Short Subject),Nine from Little Rock
1964,1965,37,FOREIGN LANGUAGE FILM,"Yesterday, Today and Tomorrow"
1964,1965,37,MUSIC (Song),Mary Poppins
1964,1965,37,BEST PICTURE,My Fair Lady
1964,1965,37,SHORT SUBJECT (Cartoon),The Pink Phink
1965,1966,38,DOCUMENTARY (Feature),The Eleanor Roosevelt Story
1965,1966,38,DOCUMENTARY (Short Subject),To Be Alive!
1965,1966,38,FOREIGN LANGUAGE FILM,The Shop on Main Street
1965,1966,38,MUSIC (Song),The Sandpiper
1965,1966,38,BEST PICTURE,The Sound of Music
1965,1966,38,SHORT SUBJECT (Cartoon),The Dot and the Line
1966,1967,39,DOCUMENTARY (Feature),The War Game
1966,1967,39,DOCUMENTARY (Short Subject),A Year toward Tomorrow
1966,1967,39,FOREIGN LANGUAGE FILM,A Man and a Woman
1966,1967,39,MUSIC (Song),Born Free
1966,1967,39,BEST PICTURE,A Man for All Seasons
1966,1967,39,SHORT SUBJECT (Cartoon),Herb Alpert and the Tijuana Brass Double Feature
1967,1968,40,DOCUMENTARY (Feature),The Anderson Platoon
1967,1968,40,DOCUMENTARY (Short Subject),The Redwoods
1967,1968,40,FOREIGN LANGUAGE FILM,Closely Watched Trains
1967,1968,40,MUSIC (Song),Doctor Dolittle
1967,1968,40,BEST PICTURE,In the Heat of the Night
1967,1968,40,SHORT SUBJECT (Cartoon),The Box
1968,1969,41,DOCUMENTARY (Feature),Journey into Self
1968,1969,41,DOCUMENTARY (Short Subject),Why Man Creates
1968,1969,41,FOREIGN LANGUAGE FILM,War and Peace
1968,1969,41,BEST PICTURE,Oliver!
1968,1969,41,SHORT SUBJECT (Cartoon),Winnie the Pooh and the Blustery Day
1969,1970,42,DOCUMENTARY (Feature),Arthur Rubinstein - The Love of Life
1969,1970,42,DOCUMENTARY (Short Subject),Czechoslovakia 1968
1969,1970,42,FOREIGN LANGUAGE FILM,Z
1969,1970,42,BEST PICTURE,Midnight Cowboy
1969,1970,42,SHORT SUBJECT (Cartoon),It's Tough to Be a Bird
1970,1971,43,DOCUMENTARY (Feature),Woodstock
1970,1971,43,DOCUMENTARY (Short Subject),Interviews with My Lai Veterans
1970,1971,43,FOREIGN LANGUAGE FILM,Investigation of a Citizen above Suspicion
1970,1971,43,BEST PICTURE,Patton
1970,1971,43,SHORT SUBJECT (Cartoon),Is It Always Right to Be Right?
1971,1972,44,DOCUMENTARY (Feature),The Hellstrom Chronicle
1971,1972,44,DOCUMENTARY (Short Subject),Sentinels of Silence
1971,1972,44,FOREIGN LANGUAGE FILM,The Garden of the Finzi Continis
1971,1972,44,BEST PICTURE,The French Connection
1972,1973,45,DOCUMENTARY (Feature),Marjoe
1972,1973,45,DOCUMENTARY (Short Subject),This Tiny World
1972,1973,45,FOREIGN LANGUAGE FILM,The Discreet Charm of the Bourgeoisie
1972,1973,45,BEST PICTURE,The Godfather
1973,1974,46,DOCUMENTARY (Feature),The Great American Cowboy
1973,1974,46,DOCUMENTARY (Short Subject),Princeton: A Search for Answers
1973,1974,46,FOREIGN LANGUAGE FILM,Day for Night
1973,1974,46,MUSIC (Song),The Way We Were
1973,1974,46,BEST PICTURE,The Sting
1974,1975,47,DOCUMENTARY (Feature),Hearts and Minds
1974,1975,47,DOCUMENTARY (Short Subject),Don't
1974,1975,47,FOREIGN LANGUAGE FILM,Amarcord
1974,1975,47,MUSIC (Song),The Towering Inferno
1974,1975,47,BEST PICTURE,The Godfather Part II
1974,1975,47,SHORT FILM (Animated),Closed Mondays
1974,1975,47,SHORT FILM (Live Action),One-Eyed Men Are Kings
1975,1976,48,DOCUMENTARY (Feature),The Man Who Skied down Everest
1975,1976,48,DOCUMENTARY (Short Subject),The End of the Game
1975,1976,48,FOREIGN LANGUAGE FILM,Dersu Uzala
1975,1976,48,BEST PICTURE,One Flew over the Cuckoo's Nest
1975,1976,48,SHORT FILM (Animated),Great
1975,1976,48,SHORT FILM (Live Action),Angel and Big Joe
1976,1977,49,DOCUMENTARY (Feature),"Harlan County, U.S.A."
1976,1977,49,DOCUMENTARY (Short Subject),Number Our Days
1976,1977,49,FOREIGN LANGUAGE FILM,Black and White in Color
1976,1977,49,BEST PICTURE,Rocky
1976,1977,49,SHORT FILM (Animated),Leisure
1976,1977,49,SHORT FILM (Live Action),In the Region of Ice
1977,1978,50,DOCUMENTARY (Feature),Who Are the DeBolts? And Where Did They Get Nineteen Kids?
1977,1978,50,DOCUMENTARY (Short Subject),Gravity Is My Enemy
1977,1978,50,FOREIGN LANGUAGE FILM,Madame Rosa
1977,1978,50,BEST PICTURE,Annie Hall
1977,1978,50,SHORT FILM (Animated),The Sand Castle
1977,1978,50,SHORT FILM (Live Action),I'll Find a Way
1978,1979,51,DOCUMENTARY (Feature),Scared Straight!
1978,1979,51,DOCUMENTARY (Short Subject),The Flight of the Gossamer Condor
1978,1979,51,FOREIGN LANGUAGE FILM,Get Out Your Handkerchiefs
1978,1979,51,BEST PICTURE,The Deer Hunter
1978,1979,51,SHORT FILM (Animated),Special Delivery
1978,1979,51,SHORT FILM (Live Action),Teenage Father
1979,1980,52,DOCUMENTARY (Feature),Best Boy
1979,1980,52,DOCUMENTARY (Short Subject),Paul Robeson: Tribute to an Artist
1979,1980,52,FOREIGN LANGUAGE FILM,The Tin Drum
1979,1980,52,BEST PICTURE,Kramer vs. Kramer
1979,1980,52,SHORT FILM (Animated),Every Child
1979,1980,52,SHORT FILM (Live Action),Board and Care
1980,1981,53,DOCUMENTARY (Feature),From Mao to Mozart: Isaac Stern in China
1980,1981,53,DOCUMENTARY (Short Subject),Karl Hess: Toward Liberty
1980,1981,53,FOREIGN LANGUAGE FILM,Moscow Does Not Believe in Tears
1980,1981,53,BEST PICTURE,Ordinary People
1980,1981,53,SHORT FILM (Animated),The Fly
1980,1981,53,SHORT FILM (Dramatic Live Action),The Dollar Bottom
1981,1982,54,DOCUMENTARY (Feature),Genocide
1981,1982,54,DOCUMENTARY (Short Subject),Close Harmony
1981,1982,54,FOREIGN LANGUAGE FILM,Mephisto
1981,1982,54,BEST PICTURE,Chariots of Fire
1981,1982,54,SHORT FILM (Animated),Crac
1981,1982,54,SHORT FILM (Live Action),Violet
1982,1983,55,DOCUMENTARY (Feature),Just Another Missing Kid
1982,1983,55,DOCUMENTARY (Short Subject),If You Love This Planet
1982,1983,55,FOREIGN LANGUAGE FILM,Volver a Empezar ('To Begin Again')
1982,1983,55,BEST PICTURE,Gandhi
1982,1983,55,SHORT FILM (Animated),Tango
1982,1983,55,SHORT FILM (Live Action),A Shocking Accident
1983,1984,56,DOCUMENTARY (Feature),He Makes Me Feel Like Dancin'
1983,1984,56,DOCUMENTARY (Short Subject),Flamenco at 5:15
1983,1984,56,FOREIGN LANGUAGE FILM,Fanny & Alexander
1983,1984,56,BEST PICTURE,Terms of Endearment
1983,1984,56,SHORT FILM (Animated),Sundae in New York
1983,1984,56,SHORT FILM (Live Action),Boys and Girls
1984,1985,57,DOCUMENTARY (Feature),The Times of Harvey Milk
1984,1985,57,DOCUMENTARY (Short Subject),The Stone Carvers
1984,1985,57,FOREIGN LANGUAGE FILM,Dangerous Moves
1984,1985,57,BEST PICTURE,Amadeus
1984,1985,57,SHORT FILM (Animated),Charade
1984,1985,57,SHORT FILM (Live Action),Up
1985,1986,58,DOCUMENTARY (Feature),Broken Rainbow
1985,1986,58,DOCUMENTARY (Short Subject),Witness to War: Dr. Charlie Clements
1985,1986,58,FOREIGN LANGUAGE FILM,The Official Story
1985,1986,58,BEST PICTURE,Out of Africa
1985,1986,58,SHORT FILM (Animated),Anna & Bella
1985,1986,58,SHORT FILM (Live Action),Molly's Pilgrim
1986,1987,59,DOCUMENTARY (Feature),Artie Shaw: Time Is All You've Got
1986,1987,59,DOCUMENTARY (Feature),Down and Out in America
1986,1987,59,DOCUMENTARY (Short Subject),"Women--for America, for the World"
1986,1987,59,FOREIGN LANGUAGE FILM,The Assault
1986,1987,59,BEST PICTURE,Platoon
1986,1987,59,SHORT FILM (Animated),A Greek Tragedy
1986,1987,59,SHORT FILM (Live Action),Precious Images
1987,1988,60,DOCUMENTARY (Feature),The Ten-Year Lunch: The Wit and Legend of the Algonquin Round Table
1987,1988,60,DOCUMENTARY (Short Subject),Young at Heart
1987,1988,60,FOREIGN LANGUAGE FILM,Babette's Feast
1987,1988,60,BEST PICTURE,The Last Emperor
1987,1988,60,SHORT FILM (Animated),The Man Who Planted Trees
1987,1988,60,SHORT FILM (Live Action),Ray's Male Heterosexual Dance Hall
1988,1989,61,DOCUMENTARY (Feature),Hotel Terminus: The Life and Times of Klaus Barbie
1988,1989,61,DOCUMENTARY (Short Subject),You Don't Have to Die
1988,1989,61,FOREIGN LANGUAGE FILM,Pelle the Conqueror
1988,1989,61,BEST PICTURE,Rain Man
1988,1989,61,SHORT FILM (Animated),Tin Toy
1988,1989,61,SHORT FILM (Live Action),The Appointments of Dennis Jennings
1989,1990,62,DOCUMENTARY (Feature),Common Threads: Stories from the Quilt
1989,1990,62,DOCUMENTARY (Short Subject),The Johnstown Flood
1989,1990,62,FOREIGN LANGUAGE FILM,Cinema Paradiso
1989,1990,62,BEST PICTURE,Driving Miss Daisy
1989,1990,62,SHORT FILM (Animated),Balance
1989,1990,62,SHORT FILM (Live Action),Work Experience
1990,1991,63,DOCUMENTARY (Feature),American Dream
1990,1991,63,DOCUMENTARY (Short Subject),Days of Waiting
1990,1991,63,FOREIGN LANGUAGE FILM,Journey of Hope
1990,1991,63,BEST PICTURE,Dances With Wolves
1990,1991,63,SHORT FILM (Animated),Creature Comforts
1990,1991,63,SHORT FILM (Live Action),The Lunch Date
1991,1992,64,DOCUMENTARY (Feature),In the Shadow of the Stars
1991,1992,64,DOCUMENTARY (Short Subject),"Deadly Deception: General Electric, Nuclear Weapons and Our Environment"
1991,1992,64,FOREIGN LANGUAGE FILM,Mediterraneo
1991,1992,64,BEST PICTURE,The Silence of the Lambs
1991,1992,64,SHORT FILM (Animated),Manipulation
1991,1992,64,SHORT FILM (Live Action),Session Man
1992,1993,65,DOCUMENTARY (Feature),The Panama Deception
1992,1993,65,DOCUMENTARY (Short Subject),Educating Peter
1992,1993,65,FOREIGN LANGUAGE FILM,Indochine
1992,1993,65,BEST PICTURE,Unforgiven
1992,1993,65,SHORT FILM (Animated),Mona Lisa Descending a Staircase
1992,1993,65,SHORT FILM (Live Action),Omnibus
1993,1994,66,DOCUMENTARY (Feature),I Am a Promise: The Children of Stanton Elementary School
1993,1994,66,DOCUMENTARY (Short Subject),Defending Our Lives
1993,1994,66,FOREIGN LANGUAGE FILM,Belle Epoque
1993,1994,66,BEST PICTURE,Schindler's List
1993,1994,66,SHORT FILM (Animated),The Wrong Trousers
1993,1994,66,SHORT FILM (Live Action),Black Rider (Schwarzfahrer)
1994,1995,67,DOCUMENTARY (Feature),Maya Lin: A Strong Clear Vision
1994,1995,67,DOCUMENTARY (Short Subject),A Time for Justice
1994,1995,67,FOREIGN LANGUAGE FILM,Burnt by the Sun
1994,1995,67,BEST PICTURE,Forrest Gump
1994,1995,67,SHORT FILM (Animated),Bob's Birthday
1994,1995,67,SHORT FILM (Live Action),Franz Kafka's It's a Wonderful Life
1994,1995,67,SHORT FILM (Live Action),Trevor
1995,1996,68,DOCUMENTARY (Feature),Anne Frank Remembered
1995,1996,68,DOCUMENTARY (Short Subject),One Survivor Remembers
1995,1996,68,FOREIGN LANGUAGE FILM,Antonia's Line
1995,1996,68,BEST PICTURE,Braveheart
1995,1996,68,SHORT FILM (Animated),A Close Shave
1995,1996,68,SHORT FILM (Live Action),Lieberman in Love
1996,1997,69,DOCUMENTARY (Feature),When We Were Kings
1996,1997,69,DOCUMENTARY (Short Subject),Breathing Lessons: The Life and Work of Mark O'Brien
1996,1997,69,FOREIGN LANGUAGE FILM,Kolya
1996,1997,69,BEST PICTURE,The English Patient
1996,1997,69,SHORT FILM (Animated),Quest
1996,1997,69,SHORT FILM (Live Action),Dear Diary
1997,1998,70,DOCUMENTARY (Feature),The Long Way Home
1997,1998,70,DOCUMENTARY (Short Subject),A Story of Healing
1997,1998,70,FOREIGN LANGUAGE FILM,Character
1997,1998,70,BEST PICTURE,Titanic
1997,1998,70,SHORT FILM (Animated),Geri's Game
1997,1998,70,SHORT FILM (Live Action),Visas and Virtue
1998,1999,71,DOCUMENTARY (Feature),The Last Days
1998,1999,71,DOCUMENTARY (Short Subject),The Personals: Improvisations on Romance in the Golden Years
1998,1999,71,FOREIGN LANGUAGE FILM,Life Is Beautiful
1998,1999,71,BEST PICTURE,Shakespeare in Love
1998,1999,71,SHORT FILM (Animated),Bunny
1998,1999,71,SHORT FILM (Live Action),Election Night (Valgaften)
1999,2000,72,DOCUMENTARY (Feature),One Day in September
1999,2000,72,DOCUMENTARY (Short Subject),King Gimp
1999,2000,72,FOREIGN LANGUAGE FILM,All about My Mother
1999,2000,72,BEST PICTURE,American Beauty
1999,2000,72,SHORT FILM (Animated),The Old Man and the Sea
1999,2000,72,SHORT FILM (Live Action),My Mother Dreams the Satan's Disciples in New York
2000,2001,73,DOCUMENTARY (Feature),Into the Arms of Strangers: Stories of the Kindertransport
2000,2001,73,DOCUMENTARY (Short Subject),Big Mama
2000,2001,73,FOREIGN LANGUAGE FILM,"Crouching Tiger, Hidden Dragon"
2000,2001,73,BEST PICTURE,Gladiator
2000,2001,73,SHORT FILM (Animated),Father and Daughter
2000,2001,73,SHORT FILM (Live Action),Quiero Ser (I want to be...)
2001,2002,74,ANIMATED FEATURE FILM,Shrek
2001,2002,74,DOCUMENTARY (Feature),Murder on a Sunday Morning
2001,2002,74,DOCUMENTARY (Short Subject),Thoth
2001,2002,74,FOREIGN LANGUAGE FILM,No Man's Land
2001,2002,74,BEST PICTURE,A Beautiful Mind
2001,2002,74,SHORT FILM (Animated),For the Birds
2001,2002,74,SHORT FILM (Live Action),the accountant
2002,2003,75,ANIMATED FEATURE FILM,Spirited Away
2002,2003,75,DOCUMENTARY (Feature),Bowling for Columbine
2002,2003,75,DOCUMENTARY (Short Subject),Twin Towers
2002,2003,75,FOREIGN LANGUAGE FILM,Nowhere in Africa
2002,2003,75,BEST PICTURE,Chicago
2002,2003,75,SHORT FILM (Animated),The ChubbChubbs!
2002,2003,75,SHORT FILM (Live Action),This Charming Man (Der Er En Yndig Mand)
2003,2004,76,ANIMATED FEATURE FILM,Finding Nemo
2003,2004,76,DOCUMENTARY (Feature),The Fog of War
2003,2004,76,DOCUMENTARY (Short Subject),Chernobyl Heart
2003,2004,76,FOREIGN LANGUAGE FILM,The Barbarian Invasions
2003,2004,76,BEST PICTURE,The Lord of the Rings: The Return of the King
2003,2004,76,SHORT FILM (Animated),Harvie Krumpet
2003,2004,76,SHORT FILM (Live Action),Two Soldiers
2004,2005,77,ANIMATED FEATURE FILM,The Incredibles
2004,2005,77,DOCUMENTARY (Feature),Born into Brothels
2004,2005,77,DOCUMENTARY (Short Subject),Mighty Times: The Children's March
2004,2005,77,FOREIGN LANGUAGE FILM,The Sea Inside
2004,2005,77,BEST PICTURE,Million Dollar Baby
2004,2005,77,SHORT FILM (Animated),Ryan
2004,2005,77,SHORT FILM (Live Action),Wasp
2005,2006,78,ANIMATED FEATURE FILM,Wallace & Gromit in The Curse of the Were-Rabbit
2005,2006,78,DOCUMENTARY (Feature),March of the Penguins
2005,2006,78,DOCUMENTARY (Short Subject),A Note of Triumph: The Golden Age of Norman Corwin
2005,2006,78,FOREIGN LANGUAGE FILM,Tsotsi
2005,2006,78,BEST PICTURE,Crash
2005,2006,78,SHORT FILM (Animated),The Moon and the Son: An Imagined Conversation
2005,2006,78,SHORT FILM (Live Action),Six Shooter
2006,2007,79,ANIMATED FEATURE FILM,Happy Feet
2006,2007,79,DOCUMENTARY (Feature),An Inconvenient Truth
2006,2007,79,DOCUMENTARY (Short Subject),The Blood of Yingzhou District
2006,2007,79,FOREIGN LANGUAGE FILM,The Lives of Others
2006,2007,79,BEST PICTURE,The Departed
2006,2007,79,SHORT FILM (Animated),The Danish Poet
2006,2007,79,SHORT FILM (Live Action),West Bank Story
2007,2008,80,ANIMATED FEATURE FILM,Ratatouille
2007,2008,80,DOCUMENTARY (Feature),Taxi to the Dark Side
2007,2008,80,DOCUMENTARY (Short Subject),Freeheld
2007,2008,80,FOREIGN LANGUAGE FILM,The Counterfeiters
2007,2008,80,BEST PICTURE,No Country for Old Men
2007,2008,80,SHORT FILM (Animated),Peter & the Wolf
2007,2008,80,SHORT FILM (Live Action),Le Mozart des Pickpockets (The Mozart of Pickpockets)
2008,2009,81,ANIMATED FEATURE FILM,WALL-E
2008,2009,81,DOCUMENTARY (Feature),Man on Wire
2008,2009,81,DOCUMENTARY (Short Subject),Smile Pinki
2008,2009,81,FOREIGN LANGUAGE FILM,Departures
2008,2009,81,BEST PICTURE,Slumdog Millionaire
2008,2009,81,SHORT FILM (Animated),La Maison en Petits Cubes
2008,2009,81,SHORT FILM (Live Action),Spielzeugland (Toyland)
2009,2010,82,ANIMATED FEATURE FILM,Up
2009,2010,82,DOCUMENTARY (Feature),The Cove
2009,2010,82,DOCUMENTARY (Short Subject),Music by Prudence
2009,2010,82,FOREIGN LANGUAGE FILM,The Secret in Their Eyes
2009,2010,82,BEST PICTURE,The Hurt Locker
2009,2010,82,SHORT FILM (Animated),Logorama
2009,2010,82,SHORT FILM (Live Action),The New Tenants
2010,2011,83,ANIMATED FEATURE FILM,Toy Story 3
2010,2011,83,DOCUMENTARY (Feature),Inside Job
2010,2011,83,DOCUMENTARY (Short Subject),Strangers No More
2010,2011,83,FOREIGN LANGUAGE FILM,In a Better World
2010,2011,83,BEST PICTURE,The King's Speech
2010,2011,83,SHORT FILM (Animated),The Lost Thing
2010,2011,83,SHORT FILM (Live Action),God of Love
2011,2012,84,ANIMATED FEATURE FILM,Rango
2011,2012,84,DOCUMENTARY (Feature),Undefeated
2011,2012,84,DOCUMENTARY (Short Subject),Saving Face
2011,2012,84,FOREIGN LANGUAGE FILM,A Separation
2011,2012,84,BEST PICTURE,The Artist
2011,2012,84,SHORT FILM (Animated),The Fantastic Flying Books of Mr. Morris Lessmore
2011,2012,84,SHORT FILM (Live Action),The Shore
2012,2013,85,ANIMATED FEATURE FILM,Brave
2012,2013,85,DOCUMENTARY (Feature),Searching for Sugar Man
2012,2013,85,DOCUMENTARY (Short Subject),Inocente
2012,2013,85,FOREIGN LANGUAGE FILM,Amour
2012,2013,85,BEST PICTURE,Argo
2012,2013,85,SHORT FILM (Animated),Paperman
2012,2013,85,SHORT FILM (Live Action),Curfew
2013,2014,86,ANIMATED FEATURE FILM,Frozen
2013,2014,86,DOCUMENTARY (Feature),20 Feet from Stardom
2013,2014,86,DOCUMENTARY (Short Subject),The Lady in Number 6: Music Saved My Life
2013,2014,86,FOREIGN LANGUAGE FILM,The Great Beauty
2013,2014,86,BEST PICTURE,12 Years a Slave
2013,2014,86,SHORT FILM (Animated),Mr. Hublot
2013,2014,86,SHORT FILM (Live Action),Helium
2014,2015,87,ANIMATED FEATURE FILM,Big Hero 6
2014,2015,87,DOCUMENTARY (Feature),CitizenFour
2014,2015,87,DOCUMENTARY (Short Subject),Crisis Hotline: Veterans Press 1
2014,2015,87,FOREIGN LANGUAGE FILM,Ida
2014,2015,87,BEST PICTURE,Birdman or (The Unexpected Virtue of Ignorance)
2014,2015,87,SHORT FILM (Animated),Feast
2014,2015,87,SHORT FILM (Live Action),The Phone Call
2015,2016,88,ANIMATED FEATURE FILM,Inside Out
2015,2016,88,DOCUMENTARY (Feature),Amy
2015,2016,88,DOCUMENTARY (Short Subject),A Girl in the River: The Price of Forgiveness
2015,2016,88,FOREIGN LANGUAGE FILM,Son of Saul
2015,2016,88,BEST PICTURE,Spotlight
2015,2016,88,SHORT FILM (Animated),Bear Story
2015,2016,88,SHORT FILM (Live Action),Stutterer
2016,2017,89,ANIMATED FEATURE FILM,Zootopia
2016,2017,89,DOCUMENTARY (Feature),O.J.: Made in America
2016,2017,89,DOCUMENTARY (Short Subject),The White Helmets
2016,2017,89,FOREIGN LANGUAGE FILM,The Salesman
2016,2017,89,BEST PICTURE,Moonlight
2016,2017,89,SHORT FILM (Animated),Piper
2016,2017,89,SHORT FILM (Live Action),Sing
2017,2018,90,ANIMATED FEATURE FILM,Coco
2017,2018,90,DOCUMENTARY (Feature),Icarus
2017,2018,90,DOCUMENTARY (Short Subject),Heaven Is a Traffic Jam on the 405
2017,2018,90,FOREIGN LANGUAGE FILM,A Fantastic Woman
2017,2018,90,BEST PICTURE,The Shape of Water
2017,2018,90,SHORT FILM (Animated),Dear Basketball
2017,2018,90,SHORT FILM (Live Action),The Silent Child
2018,2019,91,ANIMATED FEATURE FILM,Spider-Man: Into the Spider-Verse
2018,2019,91,DOCUMENTARY (Feature),Free Solo
2018,2019,91,DOCUMENTARY (Short Subject),Period. End of Sentence.
2018,2019,91,FOREIGN LANGUAGE FILM,Roma
2018,2019,91,BEST PICTURE,Green Book
2018,2019,91,SHORT FILM (Animated),Bao
2018,2019,91,SHORT FILM (Live Action),Skin
2019,2020,92,ANIMATED FEATURE FILM,Toy Story 4
2019,2020,92,DOCUMENTARY (Feature),American Factory
2019,2020,92,DOCUMENTARY (Short Subject),Learning to Skateboard in a Warzone (If You're a Girl)
2019,2020,92,INTERNATIONAL FEATURE FILM,Parasite
2019,2020,92,BEST PICTURE,Parasite
2019,2020,92,SHORT FILM (Animated),Hair Love
2019,2020,92,SHORT FILM (Live Action),The Neighbors' Window
2020,2021,93,ANIMATED FEATURE FILM,Soul
2020,2021,93,DOCUMENTARY (Feature),My Octopus Teacher
2020,2021,93,DOCUMENTARY (Short Subject),Colette
2020,2021,93,INTERNATIONAL FEATURE FILM,Another Round
2020,2021,93,BEST PICTURE,Nomadland
2020,2021,93,SHORT FILM (Animated),If Anything Happens I Love You
2020,2021,93,SHORT FILM (Live Action),Two Distant Strangers
2021,2022,94,ANIMATED FEATURE FILM,Encanto
2021,2022,94,DOCUMENTARY (Feature),"Summer of Soul (...Or, When the Revolution Could Not Be Televised)"
2021,2022,94,DOCUMENTARY (Short Subject),The Queen of Basketball
2021,2022,94,INTERNATIONAL FEATURE FILM,Drive My Car
2021,2022,94,BEST PICTURE,CODA
2021,2022,94,SHORT FILM (Animated),The Windshield Wiper
2021,2022,94,SHORT FILM (Live Action),The Long Goodbye
2022,2023,95,ANIMATED FEATURE FILM,Guillermo del Toro's Pinocchio
2022,2023,95,DOCUMENTARY FEATURE FILM,Navalny
2022,2023,95,DOCUMENTARY SHORT FILM,The Elephant Whisperers
2022,2023,95,INTERNATIONAL FEATURE FILM,All Quiet on the Western Front
2022,2023,95,BEST PICTURE,Everything Everywhere All at Once
2022,2023,95,SHORT FILM (Animated),"The Boy, the Mole, the Fox and the Horse"
2022,2023,95,SHORT FILM (Live Action),An Irish Goodbye
